DROP DATABASE IF EXISTS DUMMYVET2;
CREATE DATABASE DUMMYVET2; 
USE DUMMYVET2;

DROP TABLE IF EXISTS Users;
CREATE TABLE Users (
    id                  integer AUTO_INCREMENT not null,
    username            VARCHAR(30),
    active        		boolean,
    email               VARCHAR(30),
    activationDate      VARCHAR(30),
    password            VARCHAR(200) not null,


    primary key (id)
);

INSERT INTO Users (id, username, active, email, password, activationDate)
VALUES
(1, 'test-user', true, "test@test.test", "password", '2021-03-04'),
(2, 'test-user2', true, "test2@test.test", "password", '2021-03-05'),
(3, 'test-user3', true, "test3@test.test", "password", '2021-03-06');

DROP TABLE IF EXISTS Roles;
CREATE TABLE Roles (
	id 		integer AUTO_INCREMENT,
    name	VARCHAR(200),
    
    primary key(id)
);


INSERT INTO Roles (id, name)
VALUES
(1, 'ROLE_USER'),
(2, 'ROLE_ADMIN'),
(3, 'ROLE_TEACHING_TECHNICIAN'),
(4, 'ROLE_ANIMAL_HEALTH_TECHNICIAN'),
(5, 'ROLE_STUDENT'),
(6, 'ROLE_ANIMAL_CARE_ATTENDANT');   

DROP TABLE IF EXISTS Animals;
CREATE TABLE Animals (
    animalId           integer AUTO_INCREMENT not null,
    species             VARCHAR(30),
    weight              integer,
    tattooNum           integer,
    cityTattoo          VARCHAR(30),
    birthDate           VARCHAR(30),
    breed               VARCHAR(30),
    sex                 VARCHAR(30),
    rfid                long,
    microchip           long,
    theStatus           VARCHAR(30),
    diet                VARCHAR(30),
    region              VARCHAR(30),
    subspecies          VARCHAR(30),
    distinguishingFeatures   VARCHAR(30),
    color               VARCHAR(30),
    requestedBy			VARCHAR(30) Default 'None',
	alerts			  	VARCHAR(30),
    approvalStatus     	VARCHAR(30) Default 'None',
    requestStatus       VARCHAR(30) Default 'None',
        
    primary key (animalId)
    -- foreign key (requestedBy) references Users(id)
);

INSERT INTO Animals (animalId, species, weight, tattooNum, cityTattoo, birthDate, breed, sex, rfid, microchip, theStatus, diet, region, subspecies, distinguishingFeatures, color, requestedBy, alerts)
VALUES
('1', 'Dog', 3, 234234, 'HOC London', '12/07/2019', 'Beagle', 'MN', 17, 20, 'Available', null, null, null, 'barks', 'Brown', 'None', null),
('2', 'Dog', 3, 234234, 'HOC Paris', '11/01/2018', 'Pitbull', 'MN', 30, 40, 'Available', null, null, null, "barks a lot", "White",  'None', null),
('3', 'Dog', 3, 981733, 'CBH India', '2018-02-29', 'Abigar', 'MN', 50, 60, 'Sick', 'Available', 'Spain', 'Taurus', null, null,  'None', null),
('4', 'Dog', 3, 981733, 'CBH India', '2018-02-29', 'Abigar', 'MN', 50, 60, 'Sick', 'Available', 'Spain', 'Taurus', null, null,  'None', null),
('5', 'Dog', 3, 981733, 'CBH India', '2018-02-29', 'Abigar', 'MN', 50, 60, 'Sick', 'Available', 'Spain', 'Taurus', null, null,  'None', null),
('6', 'Dog', 3, 981733, 'CBH India', '2018-02-29', 'Abigar', 'MN', 50, 60, 'Sick', 'Available', 'Spain', 'Taurus', null, null,  'None', null),
('7', 'Dog', 3, 981733, 'CBH India', '2018-02-29', 'Abigar', 'MN', 50, 60, 'Sick', 'Available', 'Spain', 'Taurus', null, null,  'None', null),
('8', 'Dog', 3, 981733, 'CBH India', '2018-02-29', 'Abigar', 'MN', 50, 60, 'Sick', 'Available', 'Spain', 'Taurus', null, null,  'None', null),
('9', 'Cat', 3, 234234, 'HOC London', '12/07/2019', 'Beagle', 'MN', 16, 20, 'Available', null, null, null, 'barks', 'Brown', 'None', null),
('10', 'Cat', 3, 234234, 'HOC Paris', '11/01/2018', 'Pitbull', 'MN', 30, 40, 'Available', null, null, null, "barks a lot", "White",  'None', null),
('11', 'Cat', 3, 981733, 'CBH India', '2018-02-29', 'Abigar', 'MN', 50, 60, 'Sick', 'Available', 'Spain', 'Taurus', null, null,  'None', null),
('12', 'Cat', 3, 981733, 'CBH India', '2018-02-29', 'Abigar', 'MN', 50, 60, 'Sick', 'Available', 'Spain', 'Taurus', null, null,  'None', null),
('13', 'Cat', 3, 981733, 'CBH India', '2018-02-29', 'Abigar', 'MN', 50, 60, 'Sick', 'Available', 'Spain', 'Taurus', null, null,  'None', null),
('14', 'Cat', 3, 981733, 'CBH India', '2018-02-29', 'Abigar', 'MN', 50, 60, 'Sick', 'Available', 'Spain', 'Taurus', null, null,  'None', null),
('15', 'Cat', 3, 981733, 'CBH India', '2018-02-29', 'Abigar', 'MN', 50, 60, 'Sick', 'Available', 'Spain', 'Taurus', null, null,  'None', null),
('16', 'Cat', 3, 981733, 'CBH India', '2018-02-29', 'Abigar', 'MN', 50, 60, 'Sick', 'Available', 'Spain', 'Taurus', null, null,  'None', null),
('17', 'Horse', 3, 234234, 'HOC Paris', '11/01/2018', 'Pitbull', 'MN', 30, 40, 'Available', null, null, null, "barks a lot", "White",  'None', null),
('18', 'Horse', 3, 981733, 'CBH India', '2018-02-29', 'Abigar', 'MN', 50, 60, 'Sick', 'Available', 'Spain', 'Taurus', null, null,  'None', null),
('19', 'Horse', 3, 981733, 'CBH India', '2018-02-29', 'Abigar', 'MN', 50, 60, 'Sick', 'Available', 'Spain', 'Taurus', null, null,  'None', null),
('20', 'Horse', 3, 981733, 'CBH India', '2018-02-29', 'Abigar', 'MN', 50, 60, 'Sick', 'Available', 'Spain', 'Taurus', null, null,  'None', null),
('21', 'Horse', 3, 981733, 'CBH India', '2018-02-29', 'Abigar', 'MN', 50, 60, 'Sick', 'Available', 'Spain', 'Taurus', null, null,  'None', null),
('22', 'Horse', 3, 981733, 'CBH India', '2018-02-29', 'Abigar', 'MN', 50, 60, 'Sick', 'Available', 'Spain', 'Taurus', null, null,  'None', null),
('23', 'Horse', 3, 981733, 'CBH India', '2018-02-29', 'Abigar', 'MN', 50, 60, 'Sick', 'Available', 'Spain', 'Taurus', null, null,  'None', null),
('24', 'Horse', 3, 981733, 'CBH India', '2018-02-29', 'Abigar', 'MN', 50, 60, 'Sick', 'Available', 'Spain', 'Taurus', null, null,  'None', null);

-- DROP TABLE IF EXISTS AnimalRequests;
-- CREATE TABLE AnimalRequests (
-- 	requestId          integer AUTO_INCREMENT not null,
--     userId           integer,
-- 	animalId           integer,
--     approvalStatus     VARCHAR(30) Default 'None',
--     requestStatus           VARCHAR(30) Default 'None',
--     
--     primary key (requestId),
--     foreign key (userId) references Users(id),
--     foreign key (animalId) references Animals(animalId)
-- );

-- INSERT INTO AnimalRequests (requestId, userId, animalId)
-- VALUES
-- ('1', '1','1'),
-- ('2', '2','2'),
-- ('3', '2','3'),
-- ('4', '2','4');

DROP TABLE IF EXISTS AnimalStatus;
CREATE TABLE AnimalStatus (
    statusId           integer AUTO_INCREMENT not null,
    animalId           integer,
    theDate            VARCHAR(30),
    theDescription     VARCHAR(30),
    location           VARCHAR(30),
    theStatus          VARCHAR(30),

    primary key (statusId),
    foreign key (animalId) references Animals(animalId)
);

INSERT INTO AnimalStatus (statusId, animalId, theDate, theDescription, location, theStatus)
VALUES
('1', '1','2021-12-12', null, 'In Campus', 'Available'),
('2', '2','2021-11-01', 'Her foot is injured', 'Hospital', 'Injured');

DROP TABLE IF EXISTS AnimalStatusImages;
CREATE TABLE AnimalStatusImages (
    imageId            integer AUTO_INCREMENT not null,
    animalId           integer,
    statusHistory      integer,
    
    primary key (imageId),
    foreign key (animalId) references Animals(animalId)
);

INSERT INTO AnimalStatusImages(imageId, animalId, statusHistory)
VALUES
(1, 2, 1),
(2, 2, 2);


DROP TABLE IF EXISTS ExampleHistory;
CREATE TABLE ExampleHistory (
    recordId            integer,
    theDate            VARCHAR(30),
    measurement        VARCHAR(30),
    theValue           VARCHAR(30),
    theUser            integer,
    animal              integer,
    
    primary key (recordId),
    foreign key (animal) references Animals(animalId),
    foreign key (theUser) references Users(id)
);

INSERT INTO ExampleHistory (recordId, theDate, measurement, theValue, theUser, animal)
VALUES
('1','2019-04-01', 'weight', null, '2', '1'),
('2','2019-04-26', 'blood concentration', null, '3', '1');

DROP TABLE IF EXISTS Images;
CREATE TABLE Images(
    imageId            integer AUTO_INCREMENT not null,
    userId            integer,
    creationDate         VARCHAR(30),
    theFile                VARCHAR(30),
    animalId            integer,
    theType            VARCHAR(30),
    
    primary key (imageId),
    foreign key (userId) references Users(id),
    foreign key (animalId) references Animals(animalId)
);

INSERT INTO Images (imageId, userId, creationDate, theFile, animalId, theType)
VALUES
('1','1', '2021-03-08', 'image1.png', '1', 'profile'),
('2','2', '2021-03-09', 'image2.png', '2', 'injury');



DROP TABLE IF EXISTS TheComment;
CREATE TABLE TheComment (
    commentId           integer AUTO_INCREMENT not null,
    userId              integer,
    animalId            integer,
    theDescription      varchar(30),
    
    primary key (commentId),
    foreign key (animalId) references Animals(animalId),
    foreign key (userId) references Users(id)
);

INSERT INTO TheComment(commentId, userId, animalId, theDescription)
VALUES
(1, 1, 1, "He's ill."),
(2, 1, 2, "She's hurt.");


DROP TABLE IF EXISTS TreatmentMethod;
CREATE TABLE TreatmentMethod (
    treatmentId        integer AUTO_INCREMENT not null,
    theType            varchar(30),
    primary key (treatmentId)
);

INSERT INTO TreatmentMethod(treatmentId, theType)
VALUES
(1, "Physical exam"),
(2, "Blood work"),
(3,	'Bordetella vaccine'),
(4,	'Dental cleaning'),
(5,	'Deworming'),
(6,	'Rabies Vaccination'),
(7,	'Chemo Treatment');


DROP TABLE IF EXISTS PrescriptionRecords;
CREATE TABLE PrescriptionRecords(
    scriptRecord       integer AUTO_INCREMENT not null,
    userId             integer not null,
    animalId           integer not null,
    theDate            varchar(30),
    instructions       varchar(30),
    drugId             varchar(30),
    dosage             varchar(30),
    deliveryMethod     varchar(30),
    drugName           varchar(30),
    treatmentMethodId  integer not null,
    
    primary key (scriptRecord),
    foreign key (userId) references Users(id),
    foreign key (animalId) references Animals(animalId),
    foreign key (treatmentMethodId) references TreatmentMethod(treatmentId)
);

INSERT INTO PrescriptionRecords(scriptRecord, userId, animalId, theDate, instructions, drugId, dosage, deliveryMethod, drugName, treatmentMethodId)
VALUES
(1, 3, 1, "08/12/2020", null, null, null, null, null, 1),
(2, 3, 2, "01/10/2021", null, null, null, null, null, 2),
(3, 3, 2, "01/10/2021", null, null, null, null, null, 3);
 


DROP TABLE IF EXISTS MedicalRecordsType;
CREATE TABLE MedicalRecordsType (
    id               integer not null,
    type             varchar(30),
   
    primary key (id)
);

INSERT INTO MedicalRecordsType(id, type)
VALUES
(1,   'XRAY'),
(2,   'DICOm'),
(3,   'SOAP'),
(4,   'FORM'),
(5,   'IMAGE'),
(6,   'NOTE'),
(7,   'LAB'),
(8,   'LINK'),
(9,   'RECHECKS'),
(10,  'DX'),
(11,  'SURGERY'),
(12,  'XRAY'),
(13,  'TRANSFERS'),
(14,  'STUDENT SOAP'),
(15,  'PROB'),
(16,  'INVOICE'),
(17,  'PRODUCT NOTE');